{
  "sample_rate": 192000,
  "fft_size": 4096,
  "bands": {
    "sub": [
      1.0,
      0.9999954474227988,
      0.9988365658005615,
      0.971405313155377,
      0.7913811271045503,
      0.4684611491600678,
      0.24773987079775658,
      0.13673026913742195,
      0.08064511269627982,
      0.050446554514466294,
      0.033121996271819054,
      0.022629392322355314,
      0.015979913283214103,
      0.01160251708237779,
      0.008626339725071777,
      0.0065460680889748895,
      0.005056725470787125,
      0.003967854656279164,
      0.0031569134481653433,
      0.002542957205688302,
      0.0020712567915993608,
      0.0017040292696057972,
      0.001414697877116815,
      0.0011842495029108435,
      0.0009988716248422393,
      0.0008483882963597215,
      0.0007252059416355124,
      0.0006235908277597921,
      0.0005391662155117252,
      0.00046855742081560695,
      0.0004091379873994378,
      0.0003588459560675817,
      0.00031604936693140464,
      0.0002794467629725749,
      0.0002479928605831039,
      0.00022084250858768652,
      0.00019730806986838033,
      0.0001768267466614546,
      0.00015893533723708493,
      0.00014325059257208652,
      0.00012945382607578123,
      0.00011727877738130096,
      0.00010650198337221027,
      9.693509390393597e-05,
      8.841870545349866e-05,
      8.081738672729085e-05,
      7.401564563071136e-05,
      6.791464375777547e-05,
      6.242950757533968e-05,
      5.748711828617519e-05,
      5.3024287530397386e-05,
      4.898624551336164e-05,
      4.5325383224508764e-05,
      4.200020217253739e-05,
      3.897443428329337e-05,
      3.621630187156915e-05,
      3.36978933483427e-05,
      3.139463489701692e-05,
      2.9284842003104033e-05,
      2.734933764925566e-05,
      2.557112634432988e-05,
      2.3935115059889524e-05,
      2.2427873692606547e-05,
      2.1037428928918786e-05,
      1.9753086415899412e-05,
      1.856527698462951e-05,
      1.7465423365063872e-05,
      1.6445824402823442e-05,
      1.5499554261197074e-05,
      1.4620374484057537e-05,
      1.3802657122003163e-05,
      1.3041317396620967e-05,
      1.2331754605876645e-05,
      1.166980016502777e-05,
      1.1051671838446161e-05,
      1.047393335348737e-05,
      9.9334587022895e-06,
      9.42740053459777e-06,
      8.953162127259289e-06,
      8.508372486282343e-06,
      8.090864197266042e-06,
      7.69865369120782e-06,
      7.329923636543427e-06,
      6.983007205897239e-06,
      6.656373998366212e-06,
      6.348617426020966e-06,
      6.058443397348629e-06,
      5.784660151144975e-06,
      5.526169112360714e-06,
      5.2819566570190136e-06,
      5.051086686886703e-06,
      4.832693926388004e-06,
      4.625977864541246e-06,
      4.43019727368438e-06,
      4.244665244611773e-06,
      4.06874468462484e-06,
      3.901844231032637e-06,
      3.7434145379373653e-06,
      3.5929448987996846e-06,
      3.449960171382473e-06
    ],
    "bass": [
      0.0,
      0.006875171280611049,
      0.5315364309682782,
      0.8957259889881126,
      0.9657531047919587,
      0.979645177861974,
      0.96504642783347,
      0.9077417828279776,
      0.7897419735702915,
      0.6277509671470968,
      0.4680637122038212,
      0.3403219481092081,
      0.24763851100561982,
      0.18247950702593488,
      0.13670007328178577,
      0.10415204822795052,
      0.08063467287788698,
      0.06335218354757323,
      0.05044247755576104,
      0.04065116365467151,
      0.03312024000156515,
      0.02725319103822909,
      0.022628572769451797,
      0.01894403048716827,
      0.015979504658832567,
      0.013572672423314669,
      0.011602301678434436,
      0.009976799323829616,
      0.008626220658662333,
      0.007496618963637759,
      0.006545999525893998,
      0.005741388290062335,
      0.0050566845575080585,
      0.004471071705520602,
      0.003967829465887949,
      0.0035334381885259486,
      0.0031568975023218535,
      0.002829203860362982,
      0.002542946859044688,
      0.0022919950791084874,
      0.002071249927417122,
      0.0018764515136520156,
      0.0017040246236538492,
      0.0015509557955824488,
      0.001414694674921477,
      0.0012930744355346695,
      0.0011842472589942538,
      0.0010866317718586896,
      0.0009988700284502062,
      0.0009197921513837968,
      0.0008483871447389848,
      0.0007837787055147278,
      0.0007252051001574387,
      0.0006720023610777524,
      0.0006235902055748383,
      0.0005794601958012835,
      0.0005391657503913249,
      0.0005023136915168255,
      0.0004685570695418778,
      0.0004375890542808142,
      0.00040913771956918696,
      0.00038296157832976734,
      0.0003588457500348961,
      0.00033659866259100335,
      0.0003160492071118729,
      0.00029704427752372286,
      0.00027944663802778065,
      0.0002631330705886926,
      0.00024799276218236664,
      0.00023392589781535798,
      0.00022084243055342284,
      0.00020866100415807437,
      0.00019730800757962003,
      0.00018671674361732697,
      0.0001768266966331365,
      0.00016758288637732448,
      0.00015893529682037814,
      0.0001508383704407522,
      0.00014325055973891455,
      0.00013613392887206906,
      0.00012945379926251207,
      0.000123178433851794,
      0.0001172787553744022,
      0.00011172809462664457,
      0.00010650196522393423,
      0.00010157786178543421,
      9.693507886967601e-05,
      9.255454831728572e-05,
      8.841869294491065e-05,
      8.4511294784229e-05,
      8.081737627697081e-05,
      7.732309302577937e-05,
      7.401563686540606e-05,
      7.088314816249728e-05,
      6.791463637793731e-05,
      6.509990803579134e-05,
      6.24295013394302e-05,
      5.9894626760198286e-05,
      5.7487112998545146e-05,
      5.519935778320125e-05
    ],